﻿{
  "$schema": "https://schema.management.azure.com/schemas/2015-01-01/deploymentTemplate.json#",
  "contentVersion": "1.0.0.0",
  "parameters": {
    "newStorageAccountName": {
      "type": "string",
      "metadata": {
        "description": "Unique DNS Name for the Storage Account where the Virtual Machine's disks will be placed."
      }
    },
    "storageAccountType": {
      "type": "string",
      "defaultValue": "Standard_LRS",
      "metadata": {
        "description": ""
      }
    },
    "location": {
      "type": "string",
      "defaultValue": "West US"
    },
    "vmName": {
      "type": "string",
      "defaultValue": "MyBIGIP",
      "metadata": {
        "description": ""
      }
    },
    "vmSize": {
      "type": "string",
      "defaultValue": "Standard_A4",
      "metadata": {
        "description": ""
      }
    },
    "adminUsername": {
      "type": "string",
      "metadata": {
        "description": "User name for the Virtual Machine."
      }
    },
    "adminPassword": {
      "type": "securestring",
      "metadata": {
        "description": "Password for the Virtual Machine."
      }
    },
    "virtualNetworkName": {
      "type": "string",
      "defaultValue": "BIGIPVNET",
      "metadata": {
        "description": ""
      }
    },
    "vnetAddressPrefix": {
      "type": "string",
      "defaultValue": "10.10.0.0/16",
      "metadata": {
        "description": ""
      }
    },
    "subnetName": {
      "type": "string",
      "defaultValue": "BIGIPSubNet",
      "metadata": {
        "description": ""
      }
    },
    "subnetPrefix": {
      "type": "string",
      "defaultValue": "10.10.1.0/24",
      "metadata": {
        "description": ""
      }
    },
    "staticIPAddress": {
      "type": "string",
      "metadata": {
        "description": "A static IP address to be assigned to the WAF from the above listed subnet address range."
      }
    },
    "nicName": {
      "type": "string",
      "defaultValue": "BIGIPNic",
      "metadata": {
        "description": ""
      }
    },
    "loadBalancerName": {
      "type": "string",
      "defaultValue": "BIGIPLoadBlancer",
      "metadata": {
        "description": ""
      }
    },
    "availabilitySetName": {
      "type": "string",
      "defaultValue": "BIGIPAvailabilitySet",
      "metadata": {
        "description": ""
      }
    },
    "dnsNameForPublicIP": {
      "type": "string",
      "metadata": {
        "description": "Unique DNS Name for the Public IP used to access the Virtual Machine."
      }
    }
  },
    "variables": {
        "imageURI": "[concat('http://',parameters('newStorageAccountName'),'.blob.core.windows.net/',parameters('newStorageAccountName'),'/', parameters('newStorageAccountName'), '.vhd')]",
        "lbID": "[resourceId('Microsoft.Network/loadBalancers',parameters('loadBalancerName'))]",
        "frontEndIPConfigID": "[concat(variables('lbID'),'/frontendIPConfigurations/loadBalancerFrontEnd')]",
        "publicIPID": "[resourceId('Microsoft.Network/publicIPAddresses',parameters('dnsNameForPublicIP'))]",
        "vnetID": "[resourceId('Microsoft.Network/virtualNetworks',parameters('virtualNetworkName'))]",
        "subnetRef": "[concat(variables('vnetID'),'/subnets/',parameters('subnetName'))]"
    },
    "resources": [
        {
            "apiVersion": "2015-05-01-preview",
            "type": "Microsoft.Network/publicIPAddresses",
            "name": "[parameters('dnsNameForPublicIP')]",
            "location": "[parameters('location')]",
            "tags": {
                "displayName": "PublicIPAddress"
            },
            "properties": {
                "publicIPAllocationMethod": "Dynamic",
                "dnsSettings": {
                    "domainNameLabel": "[parameters('dnsNameForPublicIP')]"
                }
            }
        },
        {
            "apiVersion": "2015-05-01-preview",
            "type": "Microsoft.Network/virtualNetworks",
            "name": "[parameters('virtualNetworkName')]",
            "location": "[parameters('location')]",
            "tags": {
                "displayName": "VirtualNetwork"
            },
            "properties": {
                "addressSpace": {
                    "addressPrefixes": [
                        "[parameters('vnetAddressPrefix')]"
                    ]
                },
                "subnets": [
                    {
                        "name": "[parameters('subnetName')]",
                        "properties": {
                            "addressPrefix": "[parameters('subnetPrefix')]"
                        }
                    }
                ]
            }
        },
        {
            "apiVersion": "2015-05-01-preview",
            "type": "Microsoft.Network/networkInterfaces",
            "name": "[parameters('nicName')]",
            "location": "[parameters('location')]",
            "tags": {
                "displayName": "NetworkInterface"
            },
            "dependsOn": [
                "[concat('Microsoft.Network/virtualNetworks/', parameters('virtualNetworkName'))]",
                "[concat('Microsoft.Network/loadBalancers/', parameters('loadBalancerName'))]"
            ],
            "properties": {
                "ipConfigurations": [
                    {
                        "name": "ipconfig1",
                        "properties": {
                          "privateIPAllocationMethod": "Static",
                          "privateIPAddress": "[parameters('staticIPAddress')]",
                            "subnet": {
                                "id": "[variables('subnetRef')]"
                            },
                            "loadBalancerBackendAddressPools": [
                                {
                                    "id": "[concat(variables('lbID'), '/backendAddressPools/', 'loadBalancerBackEnd')]"
                                }
                            ],
                            "loadBalancerInboundNatRules": [
                                {
                                    "id": "[concat(variables('lbID'), '/inboundNatRules/', 'guimgt')]"
                                },
                                {
                                    "id": "[concat(variables('lbID'), '/inboundNatRules/', 'sshmgt')]"
                                }
                            ]
                        }
                    }
                ]
            }
        },
        {
            "apiVersion": "2015-05-01-preview",
            "name": "[parameters('loadBalancerName')]",
            "type": "Microsoft.Network/loadBalancers",
            "location": "[parameters('location')]",
            "dependsOn": [
                "[concat('Microsoft.Network/publicIPAddresses/', parameters('dnsNameForPublicIP'))]"
            ],
            "properties": {
                "frontendIPConfigurations": [
                    {
                        "name": "loadBalancerFrontEnd",
                        "properties": {
                            "publicIPAddress": {
                                "id": "[variables('publicIPID')]"
                            }
                        }
                    }
                ],
                "backendAddressPools": [
                    {
                        "name": "loadBalancerBackEnd"
                    }
                ],
                "loadBalancingRules": [
                    {
                        "properties": {
                            "frontendIPConfiguration": {
                            "id": "[concat(resourceId('Microsoft.Network/loadBalancers', parameters('loadBalancerName')), '/frontendIpConfigurations/loadBalancerFrontEnd')]"
                            },
                            "backendAddressPool": {
                            "id": "[concat(resourceId('Microsoft.Network/loadBalancers', parameters('loadBalancerName')), '/backendAddressPools/loadBalancerBackEnd')]"
                            },
                            "probe": {
                            "id": "[concat(resourceId('Microsoft.Network/loadBalancers', parameters('loadBalancerName')), '/probes/lbprobe')]"
                            },
                            "protocol": "Tcp",
                            "frontendPort": 80,
                            "backendPort": 80,
                            "idleTimeoutInMinutes": 15
                        },
                        "Name": "lbrule"
                    }
            ],
            "probes": [
                {
                    "properties": {
                        "protocol": "Tcp",
                        "port": 80,
                        "intervalInSeconds": 15,
                        "numberOfProbes": 2
                    },
                    "name": "lbprobe"
                }
            ],
                "inboundNatRules": [
                    {
                        "name": "guimgt",
                        "properties": {
                            "frontendIPConfiguration": {
                                "id": "[variables('frontEndIPConfigID')]"
                            },
                            "protocol": "tcp",
                            "frontendPort": 8443,
                            "backendPort": 443,
                            "enableFloatingIP": false
                        }
                    },
                    {
                        "name": "sshmgt",
                        "properties": {
                            "frontendIPConfiguration": {
                                "id": "[variables('frontEndIPConfigID')]"
                            },
                            "protocol": "tcp",
                            "frontendPort": 8022,
                            "backendPort": 22,
                            "enableFloatingIP": false
                        }
                    }
                ]
            }
        },
        {
            "apiVersion": "2015-05-01-preview",
            "type": "Microsoft.Compute/availabilitySets",
            "name": "[parameters('availabilitySetName')]",
            "location": "[parameters('location')]"
        },
        {
            "apiVersion": "2015-05-01-preview",
            "type": "Microsoft.Compute/virtualMachines",
            "name": "[parameters('vmName')]",
            "location": "[parameters('location')]",
            "tags": {
                "displayName": "VirtualMachine"
            },
            "dependsOn": [
                "[concat('Microsoft.Network/networkInterfaces/', parameters('nicName'))]",
                "[concat('Microsoft.Compute/availabilitySets/', parameters('availabilitySetName'))]"
            ],
            "properties": {
                "availabilitySet": {
                    "id": "[resourceId('Microsoft.Compute/availabilitySets',parameters('availabilitySetName'))]"
                },
                "hardwareProfile": {
                    "vmSize": "[parameters('vmSize')]"
                },
                "osProfile": {
                    "computerName": "[parameters('vmName')]",
                    "adminUsername": "[parameters('adminUsername')]",
                    "adminPassword": "[parameters('adminPassword')]"
                },
                "storageProfile": {
                    "osDisk": {
                        "name": "osdisk",
                        "osType": "Linux",
                        "image": {
                            "uri": "[variables('imageURI')]"
                        },
                        "vhd": {
                            "uri": "[concat('http://',parameters('newStorageAccountName'),'.blob.core.windows.net/',parameters('newStorageAccountName'),'/osDisk.vhd')]"
                        },
                        "caching": "ReadWrite",
                        "createOption": "FromImage"
                    }
                },
                "networkProfile": {
                    "networkInterfaces": [
                        {
                            "id": "[resourceId('Microsoft.Network/networkInterfaces',parameters('nicName'))]"
                        }
                    ]
                }
            }
        }
    ]
}
